{
  "distortion_model": "plumb_bob",
  "binning_x": 0,
  "binning_y": 0,
  "roi": {
    "height": 0,
    "x_offset": 0,
    "y_offset": 0,
    "do_rectify": false,
    "width": 0
  },
  "D": [
    -0.272899631562451,
    0.069043998604345,
    -7.89517299651822e-05,
    -0.000300892876941074,
    0
  ],
  "P": [
    323.451202597659,
    0,
    312.227073669434,
    0,
    0,
    323.451202597659,
    252.058246612549,
    0,
    0,
    0,
    1,
    0
  ],
  "width": 640,
  "K": [
    373.787424037214,
    0,
    326.315072140693,
    0,
    373.56855147796,
    245.698824887744,
    0,
    0,
    1
  ],
  "height": 512,
  "header": {
    "seq": 123755,
    "frame_id": "/ueye",
    "stamp": {
      "nsecs": 9e+08,
      "secs": 1372285156
    }
  },
  "R": [
    0.999800264673162,
    0.00298709042276125,
    0.0197612765347384,
    -0.00274207399066881,
    0.999919179645888,
    -0.0124143145813568,
    -0.0197967621015622,
    0.0123576481217681,
    0.999727651284685
  ]
}
