{
  "distortion_model": "plumb_bob",
  "binning_x": 0,
  "binning_y": 0,
  "roi": {
    "height": 0,
    "x_offset": 0,
    "y_offset": 0,
    "do_rectify": false,
    "width": 0
  },
  "D": [
    -0.264308789219698,
    0.0612692849074287,
    -0.000112347197524281,
    -0.00038656732859504,
    0
  ],
  "P": [
    323.451202597659,
    0,
    312.227073669434,
    -134.10741195432,
    0,
    323.451202597659,
    252.058246612549,
    0,
    0,
    0,
    1,
    0
  ],
  "width": 640,
  "K": [
    371.381995735952,
    0,
    308.249142877338,
    0,
    371.198925217487,
    257.546384311456,
    0,
    0,
    1
  ],
  "height": 512,
  "header": {
    "seq": 123754,
    "frame_id": "/ueye",
    "stamp": {
      "nsecs": 9e+08,
      "secs": 1372285156
    }
  },
  "R": [
    0.999973972913449,
    0.00616644630239964,
    -0.00374545533858289,
    -0.00611957946718633,
    0.999904413855702,
    0.0123981409505332,
    0.00382154979536948,
    -0.0123748976514604,
    0.999916125315157
  ]
}
